"rgn_id","year","sust_coeff","species","region"
5,2012,0.372222222,"Blue shrimp","Melanesia"
5,2012,0.757142857,"Pacific cupped oyster","Melanesia"
6,2012,0.372222222,"Blue shrimp","Melanesia"
6,2012,0.374509804,"Whiteleg shrimp","Melanesia"
7,2012,0.366666667,"Giant tiger prawn","Melanesia"
8,2012,0.811764706,"Bear paw clam","Micronesia"
8,2012,0.811764706,"Crocus giant clam","Micronesia"
8,2012,0.811764706,"Elongate giant clam","Micronesia"
8,2012,0.811764706,"Fluted giant clam","Micronesia"
8,2012,0.811764706,"Giant clam","Micronesia"
8,2012,0.414285714,"Milkfish","Micronesia"
8,2012,0.811764706,"Smooth giant clam","Micronesia"
9,2012,0.766666667,"Clams, etc. nei","Micronesia"
9,2012,0.414285714,"Milkfish","Micronesia"
10,2012,0.414285714,"Milkfish","Micronesia"
13,2012,0.275,"Banana prawn","Micronesia"
13,2012,0.414285714,"Milkfish","Micronesia"
13,2012,0.561111111,"Mullets nei","Micronesia"
13,2012,0.374509804,"Whiteleg shrimp","Micronesia"
14,2012,0.43,"Abalones nei","Eastern Asia"
14,2012,0.43,"Abalones nei","Eastern Asia"
14,2012,0.444010417,"Amberjacks nei","Eastern Asia"
14,2012,0.444010417,"Amberjacks nei","Eastern Asia"
14,2012,0.17,"Barramundi(=Giant seaperch)","Eastern Asia"
14,2012,0.23,"Barramundi(=Giant seaperch)","Eastern Asia"
14,2012,0.444010417,"Blackhead seabream","Eastern Asia"
14,2012,0.444010417,"Blackhead seabream","Eastern Asia"
14,2012,0.67,"Blood cockle","Eastern Asia"
14,2012,0.416666667,"Blue swimming crab","Eastern Asia"
14,2012,0.766666667,"Clams, etc. nei","Eastern Asia"
14,2012,0.766666667,"Clams, etc. nei","Eastern Asia"
14,2012,0.444010417,"Cobia","Eastern Asia"
14,2012,0.444010417,"Cobia","Eastern Asia"
14,2012,0.444010417,"Croakers, drums nei","Eastern Asia"
14,2012,0.37,"Flathead grey mullet","Eastern Asia"
14,2012,0.37,"Flathead grey mullet","Eastern Asia"
14,2012,0.444010417,"Fourfinger threadfin","Eastern Asia"
14,2012,0.1,"Giant tiger prawn","Eastern Asia"
14,2012,0.372222222,"Greasyback shrimp","Eastern Asia"
14,2012,0.444010417,"Greater amberjack","Eastern Asia"
14,2012,0.33,"Groupers nei","Eastern Asia"
14,2012,0.33,"Groupers nei","Eastern Asia"
14,2012,0.416666667,"Indo-Pacific swamp crab","Eastern Asia"
14,2012,0.841666667,"Japanese carpet shell","Eastern Asia"
14,2012,0.841666667,"Japanese carpet shell","Eastern Asia"
14,2012,0.444010417,"Japanese eel","Eastern Asia"
14,2012,0.811764706,"Japanese hard clam","Eastern Asia"
14,2012,0.811764706,"Japanese hard clam","Eastern Asia"
14,2012,0.416666667,"Japanese spiny lobster","Eastern Asia"
14,2012,0.416666667,"Japanese spiny lobster","Eastern Asia"
14,2012,0.37,"Kuruma prawn","Eastern Asia"
14,2012,0.37,"Kuruma prawn","Eastern Asia"
14,2012,0.67,"Laver (Nori)","Eastern Asia"
14,2012,0.416666667,"Marine crabs nei","Eastern Asia"
14,2012,0.416666667,"Marine crabs nei","Eastern Asia"
14,2012,0.477777778,"Marine fishes nei","Eastern Asia"
14,2012,0.477777778,"Marine fishes nei","Eastern Asia"
14,2012,0.533333333,"Marine molluscs nei","Eastern Asia"
14,2012,0.533333333,"Marine molluscs nei","Eastern Asia"
14,2012,0.444010417,"Mi-iuy (brown) croaker","Eastern Asia"
14,2012,0.5,"Milkfish","Eastern Asia"
14,2012,0.533333333,"Natantian decapods nei","Eastern Asia"
14,2012,0.53,"Pacific cupped oyster","Eastern Asia"
14,2012,0.444010417,"Porgies, seabreams nei","Eastern Asia"
14,2012,0.444010417,"Porgies, seabreams nei","Eastern Asia"
14,2012,0.366666667,"Redtail prawn","Eastern Asia"
14,2012,0.83,"Seaweeds nei","Eastern Asia"
14,2012,0.444010417,"Snappers, jobfishes nei","Eastern Asia"
14,2012,0.444010417,"Snappers, jobfishes nei","Eastern Asia"
14,2012,0.444010417,"Trumpet emperor","Eastern Asia"
14,2012,0.37,"Whiteleg shrimp","Eastern Asia"
15,2012,0.27,"Banana prawn","South-Eastern Asia"
15,2012,0.23,"Barramundi(=Giant seaperch)","South-Eastern Asia"
15,2012,0.83,"Caulerpa seaweeds","South-Eastern Asia"
15,2012,0.888095238,"Cupped oysters nei","South-Eastern Asia"
15,2012,0.416666667,"Flathead lobster","South-Eastern Asia"
15,2012,0.1,"Giant tiger prawn","South-Eastern Asia"
15,2012,0.1,"Giant tiger prawn","South-Eastern Asia"
15,2012,0.8,"Green mussel","South-Eastern Asia"
15,2012,0.33,"Groupers, seabasses nei","South-Eastern Asia"
15,2012,0.33,"Groupers, seabasses nei","South-Eastern Asia"
15,2012,0.416666667,"Indo-Pacific swamp crab","South-Eastern Asia"
15,2012,0.416666667,"Indo-Pacific swamp crab","South-Eastern Asia"
15,2012,0.444010417,"Jacks, crevalles nei","South-Eastern Asia"
15,2012,0.477777778,"Marine fishes nei","South-Eastern Asia"
15,2012,0.477777778,"Marine fishes nei","South-Eastern Asia"
15,2012,0.372222222,"Metapenaeus shrimps nei","South-Eastern Asia"
15,2012,0.372222222,"Metapenaeus shrimps nei","South-Eastern Asia"
15,2012,0.37,"Milkfish","South-Eastern Asia"
15,2012,0.37,"Milkfish","South-Eastern Asia"
15,2012,0.444010417,"Scats","South-Eastern Asia"
15,2012,0.433333333,"Snappers nei","South-Eastern Asia"
15,2012,0.416666667,"Tropical spiny lobsters nei","South-Eastern Asia"
15,2012,0.374509804,"Whiteleg shrimp","South-Eastern Asia"
16,2012,0.55,"Abalones nei","Australia and New Zealand"
16,2012,0.542156863,"Aquatic invertebrates nei","Australia and New Zealand"
16,2012,0.542156863,"Aquatic invertebrates nei","Australia and New Zealand"
16,2012,0.542156863,"Aquatic invertebrates nei","Australia and New Zealand"
16,2012,0.23,"Atlantic salmon","Australia and New Zealand"
16,2012,0.811764706,"Australian mussel","Australia and New Zealand"
16,2012,0.811764706,"Australian mussel","Australia and New Zealand"
16,2012,0.3,"Barramundi(=Giant seaperch)","Australia and New Zealand"
16,2012,0.3,"Barramundi(=Giant seaperch)","Australia and New Zealand"
16,2012,0.3,"Barramundi(=Giant seaperch)","Australia and New Zealand"
16,2012,0.366666667,"Brine shrimp","Australia and New Zealand"
16,2012,0.366666667,"Brown tiger prawn","Australia and New Zealand"
16,2012,0.366666667,"Brown tiger prawn","Australia and New Zealand"
16,2012,0.370833333,"Chinook(=Spring=King) salmon","Australia and New Zealand"
16,2012,0.9,"Cupped oysters nei","Australia and New Zealand"
16,2012,0.9,"Cupped oysters nei","Australia and New Zealand"
16,2012,0.366666667,"Eastern king prawn","Australia and New Zealand"
16,2012,0.366666667,"Eastern king prawn","Australia and New Zealand"
16,2012,0.366666667,"Eastern school shrimp","Australia and New Zealand"
16,2012,0.833333333,"Flat and cupped oysters nei","Australia and New Zealand"
16,2012,0.833333333,"Flat and cupped oysters nei","Australia and New Zealand"
16,2012,0.23,"Giant tiger prawn","Australia and New Zealand"
16,2012,0.23,"Giant tiger prawn","Australia and New Zealand"
16,2012,0.416666667,"Indo-Pacific swamp crab","Australia and New Zealand"
16,2012,0.33,"Kuruma prawn","Australia and New Zealand"
16,2012,0.477777778,"Marine fishes nei","Australia and New Zealand"
16,2012,1,"Pacific cupped oyster","Australia and New Zealand"
16,2012,1,"Pacific cupped oyster","Australia and New Zealand"
16,2012,0.266666667,"Penaeus shrimps nei","Australia and New Zealand"
16,2012,0.266666667,"Penaeus shrimps nei","Australia and New Zealand"
16,2012,0.566666667,"Rainbow trout","Australia and New Zealand"
16,2012,0.811764706,"Southern Australia scallop","Australia and New Zealand"
16,2012,0.1,"Southern bluefin tuna","Australia and New Zealand"
17,2012,0.888095238,"Cupped oysters nei","Melanesia"
17,2012,0.366666667,"Giant tiger prawn","Melanesia"
17,2012,0.416666667,"Indo-Pacific swamp crab","Melanesia"
17,2012,0.414285714,"Milkfish","Melanesia"
17,2012,0.811764706,"Pearl oyster shells nei","Melanesia"
18,2012,0.766666667,"Clams, etc. nei","Melanesia"
18,2012,0.412820513,"Flathead grey mullet","Melanesia"
18,2012,0.366666667,"Giant tiger prawn","Melanesia"
18,2012,0.8,"Green mussel","Melanesia"
18,2012,0.372222222,"Metapenaeus shrimps nei","Melanesia"
18,2012,0.811764706,"Pearl oyster shells nei","Melanesia"
19,2012,0.414285714,"Milkfish","Polynesia"
20,2012,0.57,"Abalones nei","Eastern Asia"
20,2012,0.542156863,"Aquatic invertebrates nei","Eastern Asia"
20,2012,0.444010417,"Bastard halibut","Eastern Asia"
20,2012,0.444010417,"Blackhead seabream","Eastern Asia"
20,2012,0.67,"Blood cockle","Eastern Asia"
20,2012,0.93,"Brown seaweeds","Eastern Asia"
20,2012,0.444010417,"Dotted gizzard shad","Eastern Asia"
20,2012,0.444010417,"Filefishes, leatherjackets nei","Eastern Asia"
20,2012,0.43,"Flathead grey mullet","Eastern Asia"
20,2012,0.366666667,"Fleshy prawn","Eastern Asia"
20,2012,0.811764706,"Globose clam","Eastern Asia"
20,2012,0.83,"Green laver","Eastern Asia"
20,2012,0.33,"Groupers nei","Eastern Asia"
20,2012,0.811764706,"Horned turban","Eastern Asia"
20,2012,0.811764706,"Inflated ark","Eastern Asia"
20,2012,0.444010417,"Japanese amberjack","Eastern Asia"
20,2012,0.841666667,"Japanese carpet shell","Eastern Asia"
20,2012,0.811764706,"Japanese hard clam","Eastern Asia"
20,2012,0.444010417,"Japanese jack mackerel","Eastern Asia"
20,2012,0.83,"Japanese kelp","Eastern Asia"
20,2012,0.8,"Korean mussel","Eastern Asia"
20,2012,0.444010417,"Korean rockfish","Eastern Asia"
20,2012,0.5,"Kuruma prawn","Eastern Asia"
20,2012,0.73,"Laver (Nori)","Eastern Asia"
20,2012,0.444010417,"Mackerels nei","Eastern Asia"
20,2012,0.3,"Marine crustaceans nei","Eastern Asia"
20,2012,0.477777778,"Marine fishes nei","Eastern Asia"
20,2012,0.533333333,"Marine molluscs nei","Eastern Asia"
20,2012,0.444010417,"Okhotsk atka mackerel","Eastern Asia"
20,2012,0.83,"Pacific cupped oyster","Eastern Asia"
20,2012,0.444010417,"Porgies, seabreams nei","Eastern Asia"
20,2012,0.444010417,"Scorpionfishes, redfishes nei","Eastern Asia"
20,2012,0.5,"Seabasses nei","Eastern Asia"
20,2012,0.6,"Sea squirts nei","Eastern Asia"
20,2012,0.83,"Seaweeds nei","Eastern Asia"
20,2012,0.83,"Wakame","Eastern Asia"
20,2012,0.374509804,"Whiteleg shrimp","Eastern Asia"
20,2012,0.833333333,"Yesso scallop","Eastern Asia"
21,2012,0.378947368,"Atlantic salmon","Eastern Asia"
21,2012,0.83,"Japanese kelp","Eastern Asia"
21,2012,0.571405229,"Japanese sea cucumber","Eastern Asia"
21,2012,0.67,"Laver (Nori)","Eastern Asia"
21,2012,0.533333333,"Marine molluscs nei","Eastern Asia"
21,2012,0.444010417,"Tiger pufferfish","Eastern Asia"
21,2012,0.83,"Wakame","Eastern Asia"
21,2012,0.833333333,"Yesso scallop","Eastern Asia"
24,2012,0.190909091,"Barramundi(=Giant seaperch)","South-Eastern Asia"
24,2012,0.666666667,"Blood cockle","South-Eastern Asia"
24,2012,0.8,"Green mussel","South-Eastern Asia"
24,2012,0.333333333,"Groupers nei","South-Eastern Asia"
24,2012,0.416666667,"Indo-Pacific swamp crab","South-Eastern Asia"
24,2012,0.477777778,"Marine fishes nei","South-Eastern Asia"
24,2012,0.533333333,"Marine molluscs nei","South-Eastern Asia"
24,2012,0.23,"Penaeus shrimps nei","South-Eastern Asia"
24,2012,0.433333333,"Snappers nei","South-Eastern Asia"
25,2012,0.55,"Abalones nei","South-Eastern Asia"
25,2012,0.2,"Banana prawn","South-Eastern Asia"
25,2012,0.17,"Barramundi(=Giant seaperch)","South-Eastern Asia"
25,2012,0.17,"Barramundi(=Giant seaperch)","South-Eastern Asia"
25,2012,0.67,"Blood cockle","South-Eastern Asia"
25,2012,0.67,"Blood cockle","South-Eastern Asia"
25,2012,0.83,"Cupped oysters nei","South-Eastern Asia"
25,2012,0.83,"Cupped oysters nei","South-Eastern Asia"
25,2012,0.444010417,"Fourfinger threadfin","South-Eastern Asia"
25,2012,0.1,"Giant tiger prawn","South-Eastern Asia"
25,2012,0.1,"Giant tiger prawn","South-Eastern Asia"
25,2012,0.8,"Green mussel","South-Eastern Asia"
25,2012,0.8,"Green mussel","South-Eastern Asia"
25,2012,0.33,"Groupers nei","South-Eastern Asia"
25,2012,0.33,"Groupers nei","South-Eastern Asia"
25,2012,0.416666667,"Indo-Pacific swamp crab","South-Eastern Asia"
25,2012,0.477777778,"Marine fishes nei","South-Eastern Asia"
25,2012,0.372222222,"Metapenaeus shrimps nei","South-Eastern Asia"
25,2012,0.27,"Penaeus shrimps nei","South-Eastern Asia"
25,2012,0.791666667,"Sea mussels nei","South-Eastern Asia"
25,2012,0.444010417,"Squaretail mullet","South-Eastern Asia"
25,2012,0.23,"Whiteleg shrimp","South-Eastern Asia"
25,2012,0.23,"Whiteleg shrimp","South-Eastern Asia"
29,2012,0.444010417,"Cobia","Eastern Africa"
29,2012,0.366666667,"Red drum","Eastern Africa"
31,2012,0.366666667,"Giant tiger prawn","Eastern Africa"
32,2012,0.444010417,"Cobia","Eastern Africa"
32,2012,0.444010417,"Drums nei","Eastern Africa"
32,2012,0.477777778,"Marine fishes nei","Eastern Africa"
32,2012,0.444010417,"Pargo breams nei","Eastern Africa"
37,2012,0.452222222,"European seabass","Eastern Africa"
37,2012,0.366666667,"Giant tiger prawn","Eastern Africa"
37,2012,0.811764706,"Hooded oyster","Eastern Africa"
37,2012,0.416666667,"Indo-Pacific swamp crab","Eastern Africa"
37,2012,0.477777778,"Marine fishes nei","Eastern Africa"
37,2012,0.366666667,"Red drum","Eastern Africa"
40,2012,0.190909091,"Barramundi(=Giant seaperch)","Southern Asia"
40,2012,0.1,"Giant tiger prawn","Southern Asia"
40,2012,0.811764706,"Indian backwater oyster","Southern Asia"
40,2012,0.416666667,"Indo-Pacific swamp crab","Southern Asia"
40,2012,0.414285714,"Milkfish","Southern Asia"
41,2012,0.366666667,"Giant tiger prawn","Eastern Africa"
41,2012,0.4,"Indian white prawn","Eastern Africa"
41,2012,0.444010417,"Japanese meagre","Eastern Africa"
42,2012,0.23,"Giant tiger prawn","Eastern Africa"
42,2012,0.416666667,"Indo-Pacific swamp crab","Eastern Africa"
42,2012,0.571405229,"Sea cucumbers nei","Eastern Africa"
43,2012,0.266666667,"Penaeus shrimps nei","Eastern Africa"
45,2012,0.266666667,"Penaeus shrimps nei","Eastern Africa"
47,2012,0.4,"Indian white prawn","Western Asia"
48,2012,0.286111111,"Gilthead seabream","Western Asia"
48,2012,0.4,"Indian white prawn","Western Asia"
48,2012,0.1,"Yellowfin tuna","Western Asia"
50,2012,0.17,"Barramundi(=Giant seaperch)","Western Asia"
50,2012,0.43,"Flathead grey mullet","Western Asia"
50,2012,0.17,"Giant tiger prawn","Western Asia"
50,2012,0.286111111,"Gilthead seabream","Western Asia"
50,2012,0.444010417,"Goldlined seabream","Western Asia"
50,2012,0.33,"Groupers nei","Western Asia"
50,2012,0.4,"Indian white prawn","Western Asia"
50,2012,0.372222222,"Metapenaeus shrimps nei","Western Asia"
50,2012,0.571405229,"Sandfish","Western Asia"
50,2012,0.444010417,"Sobaity seabream","Western Asia"
51,2012,0.286111111,"Gilthead seabream","Western Asia"
51,2012,0.444010417,"Goldsilk seabream","Western Asia"
51,2012,0.333333333,"Groupers nei","Western Asia"
51,2012,0.477777778,"Marine fishes nei","Western Asia"
51,2012,0.444010417,"Sobaity seabream","Western Asia"
52,2012,0.286111111,"Gilthead seabream","Western Asia"
52,2012,0.333333333,"Groupers nei","Western Asia"
52,2012,0.444010417,"Sobaity seabream","Western Asia"
52,2012,0.444010417,"White-spotted spinefoot","Western Asia"
53,2012,0.266666667,"Penaeus shrimps nei","Southern Asia"
54,2012,0.452222222,"European seabass","Western Asia"
54,2012,0.286111111,"Gilthead seabream","Western Asia"
54,2012,0.444010417,"Goldlined seabream","Western Asia"
54,2012,0.366666667,"Green tiger prawn","Western Asia"
54,2012,0.333333333,"Groupers nei","Western Asia"
54,2012,0.4,"Indian white prawn","Western Asia"
54,2012,0.561111111,"Mullets nei","Western Asia"
54,2012,0.444010417,"Sobaity seabream","Western Asia"
54,2012,0.444010417,"White-spotted spinefoot","Western Asia"
61,2012,0.316666667,"Atlantic bluefin tuna","Northern Africa"
61,2012,0.8,"Carpet shells nei","Northern Africa"
61,2012,0.6,"Common cuttlefish","Northern Africa"
61,2012,0.533333333,"Common sole","Northern Africa"
61,2012,0.444444444,"European eel","Northern Africa"
61,2012,0.823076923,"European flat oyster","Northern Africa"
61,2012,0.452222222,"European seabass","Northern Africa"
61,2012,0.412820513,"Flathead grey mullet","Northern Africa"
61,2012,0.286111111,"Gilthead seabream","Northern Africa"
61,2012,0.333333333,"Groupers nei","Northern Africa"
61,2012,0.3,"Marine crustaceans nei","Northern Africa"
61,2012,0.82,"Mediterranean mussel","Northern Africa"
61,2012,0.533333333,"Octopuses nei","Northern Africa"
61,2012,0.757142857,"Pacific cupped oyster","Northern Africa"
61,2012,0.444010417,"Thinlip grey mullet","Northern Africa"
62,2012,0.77,"Clams, etc. nei","Northern Africa"
62,2012,0.43,"European eel","Northern Africa"
62,2012,0.77,"European flat oyster","Northern Africa"
62,2012,0.43,"European seabass","Northern Africa"
62,2012,0.43,"Gilthead seabream","Northern Africa"
62,2012,0.47,"Marine fishes nei","Northern Africa"
62,2012,0.83,"Mediterranean mussel","Northern Africa"
62,2012,0.83,"Pacific cupped oyster","Northern Africa"
62,2012,0.43,"Penaeus shrimps nei","Northern Africa"
62,2012,0.87,"Yesso scallop","Northern Africa"
65,2012,0.733333333,"Gasar cupped oyster","Western Africa"
66,2012,0.902380952,"Blue mussel","Western Africa"
66,2012,0.73,"Cupped oysters nei","Western Africa"
66,2012,0.73,"Gasar cupped oyster","Western Africa"
66,2012,0.73,"Pacific cupped oyster","Western Africa"
67,2012,0.452222222,"European seabass","Northern Africa"
67,2012,0.286111111,"Gilthead seabream","Northern Africa"
68,2012,0.316666667,"Atlantic bluefin tuna","Southern Europe"
68,2012,0.452222222,"European seabass","Southern Europe"
68,2012,0.286111111,"Gilthead seabream","Southern Europe"
68,2012,0.477777778,"Marine fishes nei","Southern Europe"
70,2012,0.566666667,"Rainbow trout","Northern Europe"
71,2012,0.82,"Mediterranean mussel","Eastern Europe"
72,2012,0.82,"Mediterranean mussel","Eastern Europe"
73,2012,0.43,"Atlantic salmon","Eastern Europe"
73,2012,0.93,"Brown seaweeds","Eastern Europe"
73,2012,0.888095238,"Cupped oysters nei","Eastern Europe"
73,2012,0.888095238,"Cupped oysters nei","Eastern Europe"
73,2012,0.43,"Flatfishes nei","Eastern Europe"
73,2012,0.43,"Flatfishes nei","Eastern Europe"
73,2012,0.571405229,"Japanese sea cucumber","Eastern Europe"
73,2012,0.8,"Mediterranean mussel","Eastern Europe"
73,2012,0.5,"Mullets nei","Eastern Europe"
73,2012,0.444010417,"Salmonoids nei","Eastern Europe"
73,2012,0.77,"Sea mussels nei","Eastern Europe"
73,2012,0.77,"Sea mussels nei","Eastern Europe"
73,2012,0.77,"Sea mussels nei","Eastern Europe"
73,2012,0.47,"Sea trout","Eastern Europe"
73,2012,0.5,"Sea urchins nei","Eastern Europe"
73,2012,0.8,"Yesso scallop","Eastern Europe"
75,2012,0.47,"Baltic prawn","Eastern Europe"
75,2012,0.444010417,"European flounder","Eastern Europe"
75,2012,0.53,"Gobies nei","Eastern Europe"
75,2012,0.82,"Mediterranean mussel","Eastern Europe"
75,2012,0.67,"Mullets nei","Eastern Europe"
75,2012,0.67,"Mullets nei","Eastern Europe"
75,2012,0.63,"So-iuy mullet","Eastern Europe"
76,2012,0.316666667,"Atlantic bluefin tuna","Western Asia"
76,2012,0.53,"Atlantic salmon","Western Asia"
76,2012,0.53,"Common two-banded seabream","Western Asia"
76,2012,0.452222222,"European seabass","Western Asia"
76,2012,0.53,"Gilthead seabream","Western Asia"
76,2012,0.477777778,"Marine fishes nei","Western Asia"
76,2012,0.8,"Mediterranean mussel","Western Asia"
76,2012,0.53,"Natantian decapods nei","Western Asia"
76,2012,0.566666667,"Rainbow trout","Western Asia"
78,2012,0.374509804,"Whiteleg shrimp","Western Asia"
79,2012,0.190909091,"Barramundi(=Giant seaperch)","Western Asia"
79,2012,0.452222222,"European seabass","Western Asia"
79,2012,0.452222222,"European seabass","Western Asia"
79,2012,0.286111111,"Gilthead seabream","Western Asia"
79,2012,0.286111111,"Gilthead seabream","Western Asia"
79,2012,0.477777778,"Marine fishes nei","Western Asia"
79,2012,0.477777778,"Marine fishes nei","Western Asia"
79,2012,0.366666667,"Red drum","Western Asia"
79,2012,0.366666667,"Red drum","Western Asia"
79,2012,0.5,"Seabasses nei","Western Asia"
80,2012,0.316666667,"Atlantic bluefin tuna","Southern Europe"
80,2012,0.766666667,"Clams, etc. nei","Southern Europe"
80,2012,0.444010417,"Common pandora","Southern Europe"
80,2012,0.533333333,"Common sole","Southern Europe"
80,2012,0.43,"European eel","Southern Europe"
80,2012,0.43,"European eel","Southern Europe"
80,2012,0.83,"European flat oyster","Southern Europe"
80,2012,0.3,"European seabass","Southern Europe"
80,2012,0.3,"European seabass","Southern Europe"
80,2012,0.37,"Flathead grey mullet","Southern Europe"
80,2012,0.37,"Flathead grey mullet","Southern Europe"
80,2012,0.17,"Gilthead seabream","Southern Europe"
80,2012,0.17,"Gilthead seabream","Southern Europe"
80,2012,0.43,"Kuruma prawn","Southern Europe"
80,2012,0.477777778,"Marine fishes nei","Southern Europe"
80,2012,0.477777778,"Marine fishes nei","Southern Europe"
80,2012,0.444010417,"Meagre","Southern Europe"
80,2012,0.82,"Mediterranean mussel","Southern Europe"
80,2012,0.416666667,"Mediterranean shore crab","Southern Europe"
80,2012,0.444010417,"Red porgy","Southern Europe"
80,2012,0.444010417,"Sciaenas nei","Southern Europe"
80,2012,0.444010417,"Sharpsnout seabream","Southern Europe"
80,2012,0.444010417,"Shi drum","Southern Europe"
80,2012,0.444010417,"White seabream","Southern Europe"
80,2012,0.444010417,"White seabream","Southern Europe"
81,2012,0.316666667,"Atlantic bluefin tuna","Western Asia"
81,2012,0.452222222,"European seabass","Western Asia"
81,2012,0.286111111,"Gilthead seabream","Western Asia"
81,2012,0.4,"Indian white prawn","Western Asia"
81,2012,0.444010417,"Marbled spinefoot","Western Asia"
81,2012,0.444010417,"Meagre","Western Asia"
81,2012,0.444010417,"Red porgy","Western Asia"
81,2012,0.444010417,"Sharpsnout seabream","Western Asia"
82,2012,0.452222222,"European seabass","Southern Europe"
82,2012,0.286111111,"Gilthead seabream","Southern Europe"
82,2012,0.444444444,"Kuruma prawn","Southern Europe"
82,2012,0.82,"Mediterranean mussel","Southern Europe"
84,2012,0.366666667,"Caramote prawn","Northern Africa"
84,2012,0.533333333,"Common sole","Northern Africa"
84,2012,0.444444444,"European eel","Northern Africa"
84,2012,0.452222222,"European seabass","Northern Africa"
84,2012,0.286111111,"Gilthead seabream","Northern Africa"
84,2012,0.866666667,"Grooved carpet shell","Northern Africa"
84,2012,0.82,"Mediterranean mussel","Northern Africa"
84,2012,0.561111111,"Mullets nei","Northern Africa"
84,2012,0.757142857,"Pacific cupped oyster","Northern Africa"
95,2012,0.902380952,"Blue mussel","Northern Europe"
95,2012,0.757142857,"Pacific cupped oyster","Northern Europe"
101,2012,0.77,"Blue mussel","Southern Africa"
101,2012,0.823076923,"European flat oyster","Southern Africa"
101,2012,0.82,"Mediterranean mussel","Southern Africa"
101,2012,0.77,"Pacific cupped oyster","Southern Africa"
101,2012,0.633333333,"Perlemoen abalone","Southern Africa"
102,2012,0.8,"Carpet shells nei","Southern Africa"
102,2012,0.83,"European flat oyster","Southern Africa"
102,2012,0.5,"Giant tiger prawn","Southern Africa"
102,2012,0.5,"Indian white prawn","Southern Africa"
102,2012,0.5,"Kuruma prawn","Southern Africa"
102,2012,0.477777778,"Marine fishes nei","Southern Africa"
102,2012,0.87,"Mediterranean mussel","Southern Africa"
102,2012,0.57,"Mullets nei","Southern Africa"
102,2012,0.87,"Pacific cupped oyster","Southern Africa"
102,2012,0.63,"Perlemoen abalone","Southern Africa"
102,2012,0.6,"Red bait","Southern Africa"
102,2012,0.83,"Sea mussels nei","Southern Africa"
102,2012,0.83,"Seaweeds nei","Southern Africa"
102,2012,0.77,"Smooth mactra","Southern Africa"
102,2012,0.5,"Turbot","Southern Africa"
110,2012,0.366666667,"Brine shrimp","Caribbean"
110,2012,0.444010417,"Cobia","Caribbean"
110,2012,0.366666667,"Red drum","Caribbean"
110,2012,0.374509804,"Whiteleg shrimp","Caribbean"
111,2012,0.416666667,"Marine crabs nei","Caribbean"
111,2012,0.811764706,"Queen conch","Caribbean"
112,2012,0.888095238,"Cupped oysters nei","Caribbean"
112,2012,0.5,"Seabasses nei","Caribbean"
112,2012,0.366666667,"Southern white shrimp","Caribbean"
112,2012,0.416666667,"Tropical spiny lobsters nei","Caribbean"
112,2012,0.374509804,"Whiteleg shrimp","Caribbean"
115,2012,0.888095238,"Cupped oysters nei","Caribbean"
115,2012,0.452222222,"European seabass","Caribbean"
115,2012,0.444010417,"Florida pompano","Caribbean"
115,2012,0.286111111,"Gilthead seabream","Caribbean"
115,2012,0.444010417,"Gudgeons, sleepers nei","Caribbean"
115,2012,0.561111111,"Mullets nei","Caribbean"
115,2012,0.266666667,"Penaeus shrimps nei","Caribbean"
115,2012,0.374509804,"Whiteleg shrimp","Caribbean"
116,2012,0.444010417,"Cobia","Caribbean"
116,2012,0.266666667,"Penaeus shrimps nei","Caribbean"
129,2012,0.372222222,"Blue shrimp","Central America"
129,2012,0.444010417,"Cobia","Central America"
129,2012,0.43,"Whiteleg shrimp","Central America"
130,2012,0.533333333,"Natantian decapods nei","Central America"
130,2012,0.757142857,"Pacific cupped oyster","Central America"
130,2012,0.433333333,"Snappers nei","Central America"
130,2012,0.43,"Whiteleg shrimp","Central America"
131,2012,0.372222222,"Blue shrimp","Central America"
131,2012,0.37,"Whiteleg shrimp","Central America"
132,2012,0.444010417,"Cobia","South America"
132,2012,0.37,"Whiteleg shrimp","South America"
132,2012,0.37,"Whiteleg shrimp","South America"
133,2012,0.374509804,"Whiteleg shrimp","Central America"
134,2012,0.811764706,"blood cockle","Central America"
134,2012,0.372222222,"Blue shrimp","Central America"
134,2012,0.766666667,"Clams, etc. nei","Central America"
134,2012,0.888095238,"Cupped oysters nei","Central America"
134,2012,0.477777778,"Marine fishes nei","Central America"
134,2012,0.374509804,"Whiteleg shrimp","Central America"
135,2012,0.67,"Abalones nei","Central America"
135,2012,0.444010417,"Bastard halibuts nei","Central America"
135,2012,0.766666667,"Clams, etc. nei","Central America"
135,2012,0.811764706,"Cortez oyster","Central America"
135,2012,0.444010417,"Crevalle jack","Central America"
135,2012,0.888095238,"Cupped oysters nei","Central America"
135,2012,0.43,"Flathead grey mullet","Central America"
135,2012,0.477777778,"Marine fishes nei","Central America"
135,2012,0.444010417,"Pacific bluefin tuna","Central America"
135,2012,0.811764706,"Pacific calico scallop","Central America"
135,2012,0.77,"Pacific cupped oyster","Central America"
135,2012,0.811764706,"Red abalone","Central America"
135,2012,0.366666667,"Red drum","Central America"
135,2012,0.5,"Seabasses nei","Central America"
135,2012,0.791666667,"Sea mussels nei","Central America"
135,2012,0.433333333,"Snappers nei","Central America"
135,2012,0.43,"Whiteleg shrimp","Central America"
135,2012,0.43,"Whiteleg shrimp","Central America"
135,2012,0.43,"Whiteleg shrimp","Central America"
135,2012,0.43,"Whiteleg shrimp","Central America"
135,2012,0.43,"Whiteleg shrimp","Central America"
135,2012,0.1,"Yellowfin tuna","Central America"
136,2012,0.17,"Penaeus shrimps nei","Central America"
136,2012,0.791666667,"Sea mussels nei","Central America"
136,2012,0.374509804,"Whiteleg shrimp","Central America"
137,2012,0.372222222,"Blue shrimp","South America"
137,2012,0.37,"Red drum","South America"
137,2012,0.833333333,"Scallops nei","South America"
137,2012,0.37,"Whiteleg shrimp","South America"
138,2012,0.73,"False abalone","South America"
138,2012,0.466666667,"Flatfishes nei","South America"
138,2012,0.83,"Pacific cupped oyster","South America"
138,2012,0.833333333,"Scallops nei","South America"
138,2012,0.37,"Whiteleg shrimp","South America"
139,2012,0.811764706,"South American rock mussel","South America"
139,2012,0.5,"Whiteleg shrimp","South America"
140,2012,0.444010417,"Cobia","Caribbean"
140,2012,0.477777778,"Marine fishes nei","Caribbean"
140,2012,0.366666667,"Red drum","Caribbean"
141,2012,0.43,"Atlantic salmon","Northern Europe"
141,2012,0.566666667,"Rainbow trout","Northern Europe"
143,2012,0.63,"Abalones nei","Northern Europe"
143,2012,0.53,"Arctic char","Northern Europe"
143,2012,0.57,"Atlantic cod","Northern Europe"
143,2012,0.53,"Atlantic halibut","Northern Europe"
143,2012,0.6,"Atlantic salmon","Northern Europe"
143,2012,0.6,"Atlantic salmon","Northern Europe"
143,2012,0.93,"Blue mussel","Northern Europe"
143,2012,0.65,"European seabass","Northern Europe"
143,2012,0.53,"Haddock","Northern Europe"
143,2012,0.6,"Rainbow trout","Northern Europe"
143,2012,0.53,"Turbot","Northern Europe"
147,2012,0.190909091,"Barramundi(=Giant seaperch)","Polynesia"
147,2012,0.190909091,"Barramundi(=Giant seaperch)","Polynesia"
147,2012,0.811764706,"Blacklip pearl oyster","Polynesia"
147,2012,0.372222222,"Blue shrimp","Polynesia"
147,2012,0.477777778,"Marine fishes nei","Polynesia"
147,2012,0.811764706,"Pearl oyster shells nei","Polynesia"
147,2012,0.791666667,"Sea mussels nei","Polynesia"
147,2012,0.444010417,"Sixfinger threadfin","Polynesia"
152,2012,0.811764706,"Bear paw clam","Polynesia"
152,2012,0.811764706,"Elongate giant clam","Polynesia"
152,2012,0.811764706,"Fluted giant clam","Polynesia"
152,2012,0.811764706,"Giant clam","Polynesia"
152,2012,0.811764706,"Smooth giant clam","Polynesia"
153,2012,0.766666667,"Clams, etc. nei","Polynesia"
153,2012,0.366666667,"Giant tiger prawn","Polynesia"
153,2012,0.414285714,"Milkfish","Polynesia"
155,2012,0.811764706,"Elongate giant clam","Polynesia"
155,2012,0.811764706,"Fluted giant clam","Polynesia"
155,2012,0.811764706,"Giant clam","Polynesia"
155,2012,0.37,"Milkfish","Polynesia"
155,2012,0.83,"Mozuku","Polynesia"
155,2012,0.811764706,"Smooth giant clam","Polynesia"
162,2012,0.370833333,"Chinook(=Spring=King) salmon","Australia and New Zealand"
162,2012,0.8,"New Zealand mussel","Australia and New Zealand"
162,2012,0.77,"Pacific cupped oyster","Australia and New Zealand"
162,2012,0.811764706,"Rainbow abalone","Australia and New Zealand"
163,2012,0.5,"Abalones nei","Northern America"
163,2012,0.37,"Atlantic salmon","Northern America"
163,2012,0.416666667,"Blue crab","Northern America"
163,2012,0.93,"Blue mussel","Northern America"
163,2012,0.811764706,"Butter clam","Northern America"
163,2012,0.370833333,"Chinook(=Spring=King) salmon","Northern America"
163,2012,0.766666667,"Clams, etc. nei","Northern America"
163,2012,0.811764706,"Cockles nei","Northern America"
163,2012,0.37,"Coho(=Silver) salmon","Northern America"
163,2012,1,"Cupped oysters nei","Northern America"
163,2012,1,"Cupped oysters nei","Northern America"
163,2012,0.83,"European flat oyster","Northern America"
163,2012,0.87,"Flat oysters nei","Northern America"
163,2012,0.841666667,"Japanese carpet shell","Northern America"
163,2012,0.444010417,"Longfin yellowtail","Northern America"
163,2012,0.477777778,"Marine fishes nei","Northern America"
163,2012,0.811764706,"Northern quahog(=Hard clam)","Northern America"
163,2012,0.366666667,"Northern white shrimp","Northern America"
163,2012,0.811764706,"Olympia oyster","Northern America"
163,2012,0.9,"Pacific cupped oyster","Northern America"
163,2012,0.811764706,"Pacific geoduck","Northern America"
163,2012,0.811764706,"Pacific horse clam","Northern America"
163,2012,0.811764706,"Pacific littleneck clam","Northern America"
163,2012,0.566666667,"Rainbow trout","Northern America"
163,2012,0.366666667,"Red drum","Northern America"
163,2012,0.811764706,"Sand gaper","Northern America"
163,2012,0.43,"Whiteleg shrimp","Northern America"
164,2012,0.444010417,"Cobia","Central America"
164,2012,0.37,"Whiteleg shrimp","Central America"
166,2012,0.888095238,"Cupped oysters nei","Caribbean"
166,2012,0.374509804,"Whiteleg shrimp","Caribbean"
167,2012,0.412820513,"Flathead grey mullet","South America"
167,2012,0.444010417,"Lebranche mullet","South America"
167,2012,0.266666667,"Penaeus shrimps nei","South America"
167,2012,0.444010417,"Whitemouth croaker","South America"
168,2012,0.374509804,"Whiteleg shrimp","South America"
171,2012,0.9,"Cupped oysters nei","South America"
171,2012,0.33,"Groupers nei","South America"
171,2012,0.477777778,"Marine fishes nei","South America"
171,2012,0.533333333,"Marine molluscs nei","South America"
171,2012,0.561111111,"Mullets nei","South America"
171,2012,0.811764706,"Pacific lion's paw","South America"
171,2012,0.833333333,"Scallops nei","South America"
171,2012,0.444010417,"Snooks(=Robalos) nei","South America"
171,2012,0.811764706,"South American rock mussel","South America"
171,2012,0.3,"Whiteleg shrimp","South America"
172,2012,0.83,"Blue mussel","South America"
172,2012,0.9,"Pacific cupped oyster","South America"
173,2012,0.266666667,"Penaeus shrimps nei","South America"
174,2012,0.5,"Atlantic salmon","Northern Europe"
174,2012,0.444010417,"European whitefish","Northern Europe"
174,2012,0.566666667,"Rainbow trout","Northern Europe"
174,2012,0.466666667,"Sea trout","Northern Europe"
175,2012,0.5,"Atlantic salmon","Northern Europe"
175,2012,0.93,"Blue mussel","Northern Europe"
175,2012,0.93,"Brown seaweeds","Northern Europe"
175,2012,0.766666667,"Clams, etc. nei","Northern Europe"
175,2012,0.43,"European eel","Northern Europe"
175,2012,0.444010417,"European flounder","Northern Europe"
175,2012,0.566666667,"Rainbow trout","Northern Europe"
175,2012,0.566666667,"Rainbow trout","Northern Europe"
175,2012,0.466666667,"Sea trout","Northern Europe"
175,2012,0.5,"Turbot","Northern Europe"
176,2012,0.93,"Blue mussel","Western Europe"
176,2012,0.57,"European seabass","Western Europe"
176,2012,0.53,"Pacific cupped oyster","Western Europe"
176,2012,0.566666667,"Rainbow trout","Western Europe"
176,2012,0.5,"Turbot","Western Europe"
177,2012,0.542156863,"Aquatic invertebrates nei","Western Europe"
177,2012,0.93,"Blue mussel","Western Europe"
177,2012,0.9,"Cupped oysters nei","Western Europe"
177,2012,0.83,"European flat oyster","Western Europe"
177,2012,0.444010417,"Soles nei","Western Europe"
177,2012,0.5,"Turbot","Western Europe"
179,2012,0.37,"Atlantic salmon","Western Europe"
179,2012,0.93,"Blue mussel","Western Europe"
179,2012,0.93,"Blue mussel","Western Europe"
179,2012,0.766666667,"Clams, etc. nei","Western Europe"
179,2012,0.766666667,"Clams, etc. nei","Western Europe"
179,2012,0.37,"Coho(=Silver) salmon","Western Europe"
179,2012,0.733333333,"Common edible cockle","Western Europe"
179,2012,0.733333333,"Common edible cockle","Western Europe"
179,2012,0.43,"European eel","Western Europe"
179,2012,0.83,"European flat oyster","Western Europe"
179,2012,0.83,"European flat oyster","Western Europe"
179,2012,0.5,"European seabass","Western Europe"
179,2012,0.5,"European seabass","Western Europe"
179,2012,0.5,"European seabass","Western Europe"
179,2012,0.444010417,"Finfishes nei","Western Europe"
179,2012,0.23,"Gilthead seabream","Western Europe"
179,2012,0.23,"Gilthead seabream","Western Europe"
179,2012,0.811764706,"Great Atlantic scallop","Western Europe"
179,2012,0.866666667,"Grooved carpet shell","Western Europe"
179,2012,0.841666667,"Japanese carpet shell","Western Europe"
179,2012,0.841666667,"Japanese carpet shell","Western Europe"
179,2012,0.43,"Kuruma prawn","Western Europe"
179,2012,0.477777778,"Marine fishes nei","Western Europe"
179,2012,0.533333333,"Marine molluscs nei","Western Europe"
179,2012,0.444010417,"Meagre","Western Europe"
179,2012,0.82,"Mediterranean mussel","Western Europe"
179,2012,0.82,"Mediterranean mussel","Western Europe"
179,2012,0.53,"Pacific cupped oyster","Western Europe"
179,2012,0.53,"Pacific cupped oyster","Western Europe"
179,2012,0.811764706,"Periwinkles nei","Western Europe"
179,2012,0.566666667,"Rainbow trout","Western Europe"
179,2012,0.466666667,"Sea trout","Western Europe"
179,2012,0.83,"Seaweeds nei","Western Europe"
179,2012,0.5,"Turbot","Western Europe"
179,2012,0.83,"Wakame nei","Western Europe"
179,2012,0.444010417,"White seabream","Western Europe"
180,2012,0.17,"Atlantic cod","Northern Europe"
180,2012,0.533333333,"Atlantic halibut","Northern Europe"
180,2012,0.3,"Atlantic salmon","Northern Europe"
180,2012,0.93,"Blue mussel","Northern Europe"
180,2012,0.733333333,"Common edible cockle","Northern Europe"
180,2012,0.87,"Cupped oysters nei","Northern Europe"
180,2012,0.83,"European flat oyster","Northern Europe"
180,2012,0.5,"European seabass","Northern Europe"
180,2012,0.811764706,"Great Atlantic scallop","Northern Europe"
180,2012,0.866666667,"Grooved carpet shell","Northern Europe"
180,2012,0.841666667,"Japanese carpet shell","Northern Europe"
180,2012,0.811764706,"Northern quahog(=Hard clam)","Northern Europe"
180,2012,0.83,"Pacific cupped oyster","Northern Europe"
180,2012,0.811764706,"Queen scallop","Northern Europe"
180,2012,0.566666667,"Rainbow trout","Northern Europe"
180,2012,0.566666667,"Rainbow trout","Northern Europe"
180,2012,0.466666667,"Sea trout","Northern Europe"
180,2012,0.5,"Turbot","Northern Europe"
181,2012,0.55,"Abalones nei","Northern Europe"
181,2012,0.43,"Atlantic salmon","Northern Europe"
181,2012,0.83,"Babberlocks","Northern Europe"
181,2012,0.93,"Blue mussel","Northern Europe"
181,2012,0.83,"European flat oyster","Northern Europe"
181,2012,0.811764706,"Great Atlantic scallop","Northern Europe"
181,2012,0.841666667,"Japanese carpet shell","Northern Europe"
181,2012,0.83,"Pacific cupped oyster","Northern Europe"
181,2012,0.566666667,"Rainbow trout","Northern Europe"
181,2012,0.5,"Sea urchins nei","Northern Europe"
181,2012,0.5,"Turbot","Northern Europe"
182,2012,0.316666667,"Atlantic bluefin tuna","Southern Europe"
182,2012,0.17,"Atlantic salmon","Southern Europe"
182,2012,0.811764706,"Banded carpet shell","Southern Europe"
182,2012,0.444010417,"Blackspot(=red) seabream","Southern Europe"
182,2012,0.366666667,"Caramote prawn","Southern Europe"
182,2012,0.766666667,"Clams, etc. nei","Southern Europe"
182,2012,0.444010417,"Common dentex","Southern Europe"
182,2012,0.733333333,"Common edible cockle","Southern Europe"
182,2012,0.733333333,"Common edible cockle","Southern Europe"
182,2012,0.733333333,"Common edible cockle","Southern Europe"
182,2012,0.366666667,"Common prawn","Southern Europe"
182,2012,0.533333333,"Common sole","Southern Europe"
182,2012,0.533333333,"Common sole","Southern Europe"
182,2012,0.9,"Cupped oysters nei","Southern Europe"
182,2012,0.9,"Cupped oysters nei","Southern Europe"
182,2012,0.43,"European eel","Southern Europe"
182,2012,0.43,"European eel","Southern Europe"
182,2012,0.83,"European flat oyster","Southern Europe"
182,2012,0.83,"European flat oyster","Southern Europe"
182,2012,0.83,"European flat oyster","Southern Europe"
182,2012,0.43,"European seabass","Southern Europe"
182,2012,0.43,"European seabass","Southern Europe"
182,2012,0.43,"European seabass","Southern Europe"
182,2012,0.43,"European seabass","Southern Europe"
182,2012,0.811764706,"Gastropods nei","Southern Europe"
182,2012,0.17,"Gilthead seabream","Southern Europe"
182,2012,0.17,"Gilthead seabream","Southern Europe"
182,2012,0.17,"Gilthead seabream","Southern Europe"
182,2012,0.17,"Gilthead seabream","Southern Europe"
182,2012,0.811764706,"Great Atlantic scallop","Southern Europe"
182,2012,0.444010417,"Greater amberjack","Southern Europe"
182,2012,0.416666667,"Green crab","Southern Europe"
182,2012,0.866666667,"Grooved carpet shell","Southern Europe"
182,2012,0.866666667,"Grooved carpet shell","Southern Europe"
182,2012,0.866666667,"Grooved carpet shell","Southern Europe"
182,2012,0.444010417,"Groundfishes nei","Southern Europe"
182,2012,0.841666667,"Japanese carpet shell","Southern Europe"
182,2012,0.841666667,"Japanese carpet shell","Southern Europe"
182,2012,0.841666667,"Japanese carpet shell","Southern Europe"
182,2012,0.5,"Kuruma prawn","Southern Europe"
182,2012,0.5,"Kuruma prawn","Southern Europe"
182,2012,0.477777778,"Marine fishes nei","Southern Europe"
182,2012,0.533333333,"Marine molluscs nei","Southern Europe"
182,2012,0.533333333,"Marine molluscs nei","Southern Europe"
182,2012,0.444010417,"Meagre","Southern Europe"
182,2012,0.444010417,"Meagre","Southern Europe"
182,2012,0.444010417,"Meagre","Southern Europe"
182,2012,0.444010417,"Meagre","Southern Europe"
182,2012,0.561111111,"Mullets nei","Southern Europe"
182,2012,0.561111111,"Mullets nei","Southern Europe"
182,2012,0.533333333,"Octopuses nei","Southern Europe"
182,2012,0.83,"Pacific cupped oyster","Southern Europe"
182,2012,0.83,"Pacific cupped oyster","Southern Europe"
182,2012,0.83,"Pacific cupped oyster","Southern Europe"
182,2012,0.366666667,"Palaemonid shrimps nei","Southern Europe"
182,2012,0.366666667,"Palaemonid shrimps nei","Southern Europe"
182,2012,0.811764706,"Pod razor shell","Southern Europe"
182,2012,0.444010417,"Pollack","Southern Europe"
182,2012,0.833333333,"Pullet carpet shell","Southern Europe"
182,2012,0.833333333,"Pullet carpet shell","Southern Europe"
182,2012,0.811764706,"Queen scallop","Southern Europe"
182,2012,0.5,"Seabasses nei","Southern Europe"
182,2012,0.5,"Seabasses nei","Southern Europe"
182,2012,0.5,"Seabasses nei","Southern Europe"
182,2012,0.791666667,"Sea mussels nei","Southern Europe"
182,2012,0.791666667,"Sea mussels nei","Southern Europe"
182,2012,0.83,"Seaweeds nei","Southern Europe"
182,2012,0.444010417,"Senegalese sole","Southern Europe"
182,2012,0.444010417,"Senegalese sole","Southern Europe"
182,2012,0.444010417,"Senegalese sole","Southern Europe"
182,2012,0.566666667,"Silversides(=Sand smelts) nei","Southern Europe"
182,2012,0.444010417,"Soles nei","Southern Europe"
182,2012,0.444010417,"Soles nei","Southern Europe"
182,2012,0.5,"Turbot","Southern Europe"
182,2012,0.811764706,"Variegated scallop","Southern Europe"
182,2012,0.811764706,"Variegated scallop","Southern Europe"
182,2012,0.811764706,"Warty venus","Southern Europe"
182,2012,0.444010417,"White seabream","Southern Europe"
183,2012,0.316666667,"Atlantic bluefin tuna","Southern Europe"
183,2012,0.366666667,"Atlantic ditch shrimp","Southern Europe"
183,2012,0.4,"Atlantic salmon","Southern Europe"
183,2012,0.766666667,"Clams, etc. nei","Southern Europe"
183,2012,0.6,"Common cuttlefish","Southern Europe"
183,2012,0.73,"Common edible cockle","Southern Europe"
183,2012,0.53,"Common sole","Southern Europe"
183,2012,0.53,"European eel","Southern Europe"
183,2012,0.73,"European flat oyster","Southern Europe"
183,2012,0.43,"European seabass","Southern Europe"
183,2012,0.43,"European seabass","Southern Europe"
183,2012,0.83,"Flat and cupped oysters nei","Southern Europe"
183,2012,0.4,"Gilthead seabream","Southern Europe"
183,2012,0.4,"Gilthead seabream","Southern Europe"
183,2012,0.811764706,"Golden carpet shell","Southern Europe"
183,2012,0.87,"Grooved carpet shell","Southern Europe"
183,2012,0.4,"Kuruma prawn","Southern Europe"
183,2012,0.53,"Marine fishes nei","Southern Europe"
183,2012,0.53,"Marine molluscs nei","Southern Europe"
183,2012,0.444010417,"Meagre","Southern Europe"
183,2012,0.53,"Mullets nei","Southern Europe"
183,2012,0.83,"Pacific cupped oyster","Southern Europe"
183,2012,0.811764706,"Peppery furrow","Southern Europe"
183,2012,0.83,"Pullet carpet shell","Southern Europe"
183,2012,0.4,"Sargo breams nei","Southern Europe"
183,2012,0.5,"Seabasses nei","Southern Europe"
183,2012,0.8,"Sea mussels nei","Southern Europe"
183,2012,0.444010417,"[Solea spp]","Southern Europe"
183,2012,0.47,"Turbot","Southern Europe"
183,2012,0.444010417,"White seabream","Southern Europe"
184,2012,0.316666667,"Atlantic bluefin tuna","Southern Europe"
184,2012,0.366666667,"Common prawn","Southern Europe"
184,2012,0.533333333,"Common sole","Southern Europe"
184,2012,1,"Cupped oysters nei","Southern Europe"
184,2012,1,"Cupped oysters nei","Southern Europe"
184,2012,0.43,"European eel","Southern Europe"
184,2012,0.43,"European eel","Southern Europe"
184,2012,0.83,"European flat oyster","Southern Europe"
184,2012,0.43,"European seabass","Southern Europe"
184,2012,0.43,"European seabass","Southern Europe"
184,2012,0.43,"Flathead grey mullet","Southern Europe"
184,2012,0.43,"Flathead grey mullet","Southern Europe"
184,2012,0.3,"Giant tiger prawn","Southern Europe"
184,2012,0.23,"Gilthead seabream","Southern Europe"
184,2012,0.23,"Gilthead seabream","Southern Europe"
184,2012,0.866666667,"Grooved carpet shell","Southern Europe"
184,2012,0.841666667,"Japanese carpet shell","Southern Europe"
184,2012,0.841666667,"Japanese carpet shell","Southern Europe"
184,2012,0.5,"Kuruma prawn","Southern Europe"
184,2012,0.5,"Kuruma prawn","Southern Europe"
184,2012,0.477777778,"Marine fishes nei","Southern Europe"
184,2012,0.444010417,"Meagre","Southern Europe"
184,2012,0.444010417,"Meagre","Southern Europe"
184,2012,0.82,"Mediterranean mussel","Southern Europe"
184,2012,0.82,"Mediterranean mussel","Southern Europe"
184,2012,0.561111111,"Mullets nei","Southern Europe"
184,2012,0.757142857,"Pacific cupped oyster","Southern Europe"
184,2012,0.444010417,"Porgies, seabreams nei","Southern Europe"
184,2012,0.444010417,"Porgies, seabreams nei","Southern Europe"
184,2012,0.444010417,"Sharpsnout seabream","Southern Europe"
184,2012,0.444010417,"Shi drum","Southern Europe"
184,2012,0.444010417,"White seabream","Southern Europe"
186,2012,0.444444444,"European eel","Southern Europe"
186,2012,0.823076923,"European flat oyster","Southern Europe"
186,2012,0.452222222,"European seabass","Southern Europe"
186,2012,0.286111111,"Gilthead seabream","Southern Europe"
186,2012,0.82,"Mediterranean mussel","Southern Europe"
187,2012,0.316666667,"Atlantic bluefin tuna","Southern Europe"
187,2012,0.444010417,"Common dentex","Southern Europe"
187,2012,0.823076923,"European flat oyster","Southern Europe"
187,2012,0.452222222,"European seabass","Southern Europe"
187,2012,0.286111111,"Gilthead seabream","Southern Europe"
187,2012,0.477777778,"Marine fishes nei","Southern Europe"
187,2012,0.444010417,"Meagre","Southern Europe"
187,2012,0.82,"Mediterranean mussel","Southern Europe"
188,2012,0.766666667,"Clams, etc. nei","Southern Europe"
188,2012,0.452222222,"European seabass","Southern Europe"
188,2012,0.286111111,"Gilthead seabream","Southern Europe"
188,2012,0.82,"Mediterranean mussel","Southern Europe"
190,2012,0.444010417,"White-spotted spinefoot","Western Asia"
190,2012,0.444010417,"Yellowfin seabream","Western Asia"
191,2012,0.3,"Indian white prawn","Southern Asia"
191,2012,0.374509804,"Whiteleg shrimp","Southern Asia"
196,2012,0.43,"Mullets nei","Western Africa"
196,2012,0.43,"Snappers nei","Western Africa"
202,2012,0.366666667,"Giant tiger prawn","Eastern Africa"
202,2012,0.416666667,"Indo-Pacific swamp crab","Eastern Africa"
202,2012,0.414285714,"Milkfish","Eastern Africa"
203,2012,0.17,"Giant tiger prawn","Southern Asia"
203,2012,0.8,"Green mussel","Southern Asia"
203,2012,0.811764706,"Indian backwater oyster","Southern Asia"
203,2012,0.4,"Indian white prawn","Southern Asia"
203,2012,0.477777778,"Marine fishes nei","Southern Asia"
203,2012,0.374509804,"Whiteleg shrimp","Southern Asia"
204,2012,0.366666667,"Giant tiger prawn","Southern Asia"
204,2012,0.4,"Indian white prawn","Southern Asia"
204,2012,0.477777778,"Marine fishes nei","Southern Asia"
204,2012,0.23,"Penaeus shrimps nei","Southern Asia"
204,2012,0.366666667,"Speckled shrimp","Southern Asia"
205,2012,0.542156863,"Aquatic invertebrates nei","South-Eastern Asia"
205,2012,0.190909091,"Barramundi(=Giant seaperch)","South-Eastern Asia"
205,2012,0.17,"Giant tiger prawn","South-Eastern Asia"
205,2012,0.333333333,"Groupers nei","South-Eastern Asia"
205,2012,0.416666667,"Indo-Pacific swamp crab","South-Eastern Asia"
205,2012,0.416666667,"Orange mud crab","South-Eastern Asia"
206,2012,0.3,"Banana prawn","South-Eastern Asia"
206,2012,0.3,"Banana prawn","South-Eastern Asia"
206,2012,0.17,"Barramundi(=Giant seaperch)","South-Eastern Asia"
206,2012,0.17,"Barramundi(=Giant seaperch)","South-Eastern Asia"
206,2012,0.67,"Blood cockle","South-Eastern Asia"
206,2012,0.67,"Blood cockle","South-Eastern Asia"
206,2012,0.83,"Cupped oysters nei","South-Eastern Asia"
206,2012,0.83,"Cupped oysters nei","South-Eastern Asia"
206,2012,0.17,"Giant tiger prawn","South-Eastern Asia"
206,2012,0.17,"Giant tiger prawn","South-Eastern Asia"
206,2012,0.8,"Green mussel","South-Eastern Asia"
206,2012,0.8,"Green mussel","South-Eastern Asia"
206,2012,0.333333333,"Groupers nei","South-Eastern Asia"
206,2012,0.333333333,"Groupers nei","South-Eastern Asia"
206,2012,0.416666667,"Indo-Pacific swamp crab","South-Eastern Asia"
206,2012,0.416666667,"Indo-Pacific swamp crab","South-Eastern Asia"
206,2012,0.433333333,"John's snapper","South-Eastern Asia"
206,2012,0.433333333,"John's snapper","South-Eastern Asia"
206,2012,0.477777778,"Marine fishes nei","South-Eastern Asia"
206,2012,0.477777778,"Marine fishes nei","South-Eastern Asia"
206,2012,0.571405229,"Sandfish","South-Eastern Asia"
206,2012,0.433333333,"Snappers nei","South-Eastern Asia"
206,2012,0.433333333,"Snappers nei","South-Eastern Asia"
206,2012,0.374509804,"Whiteleg shrimp","South-Eastern Asia"
206,2012,0.374509804,"Whiteleg shrimp","South-Eastern Asia"
207,2012,0.33,"Banana prawn","South-Eastern Asia"
207,2012,0.444010417,"Cobia","South-Eastern Asia"
207,2012,0.1,"Giant tiger prawn","South-Eastern Asia"
207,2012,0.4,"Indian white prawn","South-Eastern Asia"
207,2012,0.416666667,"Indo-Pacific swamp crab","South-Eastern Asia"
207,2012,0.477777778,"Marine fishes nei","South-Eastern Asia"
207,2012,0.477777778,"Marine fishes nei","South-Eastern Asia"
207,2012,0.533333333,"Marine molluscs nei","South-Eastern Asia"
207,2012,0.372222222,"Metapenaeus shrimps nei","South-Eastern Asia"
207,2012,0.571405229,"Sandfish","South-Eastern Asia"
207,2012,0.416666667,"Tropical spiny lobsters nei","South-Eastern Asia"
207,2012,0.23,"Whiteleg shrimp","South-Eastern Asia"
208,2012,0.275,"Banana prawn","South-Eastern Asia"
208,2012,0.275,"Banana prawn","South-Eastern Asia"
208,2012,0.190909091,"Barramundi(=Giant seaperch)","South-Eastern Asia"
208,2012,0.190909091,"Barramundi(=Giant seaperch)","South-Eastern Asia"
208,2012,0.416666667,"Blue swimming crab","South-Eastern Asia"
208,2012,0.444010417,"Cobia","South-Eastern Asia"
208,2012,0.412820513,"Flathead grey mullet","South-Eastern Asia"
208,2012,0.444010417,"Fourfinger threadfin","South-Eastern Asia"
208,2012,0.366666667,"Giant tiger prawn","South-Eastern Asia"
208,2012,0.366666667,"Giant tiger prawn","South-Eastern Asia"
208,2012,0.444010417,"Golden trevally","South-Eastern Asia"
208,2012,0.8,"Green mussel","South-Eastern Asia"
208,2012,0.333333333,"Groupers nei","South-Eastern Asia"
208,2012,0.416666667,"Indo-Pacific swamp crab","South-Eastern Asia"
208,2012,0.433333333,"John's snapper","South-Eastern Asia"
208,2012,0.444444444,"Kuruma prawn","South-Eastern Asia"
208,2012,0.477777778,"Marine fishes nei","South-Eastern Asia"
208,2012,0.372222222,"Metapenaeus shrimps nei","South-Eastern Asia"
208,2012,0.414285714,"Milkfish","South-Eastern Asia"
208,2012,0.416666667,"Mud spiny lobster","South-Eastern Asia"
208,2012,0.757142857,"Pacific cupped oyster","South-Eastern Asia"
208,2012,0.266666667,"Penaeus shrimps nei","South-Eastern Asia"
208,2012,0.266666667,"Penaeus shrimps nei","South-Eastern Asia"
208,2012,0.433333333,"Snappers nei","South-Eastern Asia"
208,2012,0.444010417,"Snubnose pompano","South-Eastern Asia"
208,2012,0.444010417,"Streaked spinefoot","South-Eastern Asia"
208,2012,0.374509804,"Whiteleg shrimp","South-Eastern Asia"
208,2012,0.444010417,"White-spotted spinefoot","South-Eastern Asia"
209,2012,0.55,"Abalones nei","Eastern Asia"
209,2012,0.444010417,"Amberjacks nei","Eastern Asia"
209,2012,0.542156863,"Aquatic invertebrates nei","Eastern Asia"
209,2012,0.190909091,"Barramundi(=Giant seaperch)","Eastern Asia"
209,2012,0.67,"Blood cockle","Eastern Asia"
209,2012,0.83,"Bright green nori","Eastern Asia"
209,2012,0.444010417,"Cobia","Eastern Asia"
209,2012,0.888095238,"Cupped oysters nei","Eastern Asia"
209,2012,0.366666667,"Fleshy prawn","Eastern Asia"
209,2012,0.83,"Fusiform sargassum","Eastern Asia"
209,2012,0.366666667,"Giant tiger prawn","Eastern Asia"
209,2012,0.444010417,"Goldlined seabream","Eastern Asia"
209,2012,0.416666667,"Green mud crab","Eastern Asia"
209,2012,0.33,"Groupers nei","Eastern Asia"
209,2012,0.841666667,"Japanese carpet shell","Eastern Asia"
209,2012,0.83,"Japanese kelp","Eastern Asia"
209,2012,0.571405229,"Japanese sea cucumber","Eastern Asia"
209,2012,0.571405229,"Jellyfishes nei","Eastern Asia"
209,2012,0.444444444,"Kuruma prawn","Eastern Asia"
209,2012,0.444010417,"Large yellow croaker","Eastern Asia"
209,2012,0.444010417,"Lefteye flounders nei","Eastern Asia"
209,2012,0.416666667,"Marine crabs nei","Eastern Asia"
209,2012,0.477777778,"Marine fishes nei","Eastern Asia"
209,2012,0.477777778,"Marine fishes nei","Eastern Asia"
209,2012,0.533333333,"Marine molluscs nei","Eastern Asia"
209,2012,0.693333333,"Nori nei","Eastern Asia"
209,2012,0.811764706,"Pearl oyster shells nei","Eastern Asia"
209,2012,0.266666667,"Penaeus shrimps nei","Eastern Asia"
209,2012,0.811764706,"Pen shells nei","Eastern Asia"
209,2012,0.444010417,"Porgies, seabreams nei","Eastern Asia"
209,2012,0.416666667,"Portunus swimcrabs nei","Eastern Asia"
209,2012,0.37,"Red drum","Eastern Asia"
209,2012,0.444010417,"Righteye flounders nei","Eastern Asia"
209,2012,0.833333333,"Scallops nei","Eastern Asia"
209,2012,0.5,"Seabasses nei","Eastern Asia"
209,2012,0.791666667,"Sea mussels nei","Eastern Asia"
209,2012,0.811764706,"Sea snails","Eastern Asia"
209,2012,0.5,"Sea urchins nei","Eastern Asia"
209,2012,0.83,"Seaweeds nei","Eastern Asia"
209,2012,0.433333333,"Snappers nei","Eastern Asia"
209,2012,0.444010417,"Snubnose pompano","Eastern Asia"
209,2012,0.444010417,"Tiger pufferfish","Eastern Asia"
209,2012,0.5,"Turbot","Eastern Asia"
209,2012,0.83,"Wakame","Eastern Asia"
209,2012,0.37,"Whiteleg shrimp","Eastern Asia"
210,2012,0.542156863,"Aquatic invertebrates nei","Eastern Asia"
210,2012,0.444010417,"Bastard halibut","Eastern Asia"
210,2012,0.444010417,"Blackhead seabream","Eastern Asia"
210,2012,0.766666667,"Clams, etc. nei","Eastern Asia"
210,2012,0.37,"Coho(=Silver) salmon","Eastern Asia"
210,2012,0.444010417,"Crimson seabream","Eastern Asia"
210,2012,0.444010417,"Filefishes nei","Eastern Asia"
210,2012,0.43,"Flathead grey mullet","Eastern Asia"
210,2012,0.416666667,"Gazami crab","Eastern Asia"
210,2012,0.444010417,"Japanese amberjack","Eastern Asia"
210,2012,0.444010417,"Japanese jack mackerel","Eastern Asia"
210,2012,0.83,"Japanese kelp","Eastern Asia"
210,2012,0.5,"Kuruma prawn","Eastern Asia"
210,2012,0.73,"Laver (Nori)","Eastern Asia"
210,2012,0.3,"Marine crustaceans nei","Eastern Asia"
210,2012,0.477777778,"Marine fishes nei","Eastern Asia"
210,2012,0.566666667,"Octopuses, etc. nei","Eastern Asia"
210,2012,0.444010417,"Pacific bluefin tuna","Eastern Asia"
210,2012,0.77,"Pacific cupped oyster","Eastern Asia"
210,2012,0.811764706,"Pearl oyster shells nei","Eastern Asia"
210,2012,0.6,"Sea squirts nei","Eastern Asia"
210,2012,0.83,"Seaweeds nei","Eastern Asia"
210,2012,0.416666667,"Spiny lobsters nei","Eastern Asia"
210,2012,0.444010417,"Tiger pufferfish","Eastern Asia"
210,2012,0.83,"Wakame","Eastern Asia"
210,2012,0.444010417,"White trevally","Eastern Asia"
210,2012,0.833333333,"Yesso scallop","Eastern Asia"
212,2012,0.37,"Milkfish","Micronesia"
214,2012,0.43,"European seabass","Northern Africa"
214,2012,0.23,"Gilthead seabream","Northern Africa"
214,2012,0.477777778,"Marine fishes nei","Northern Africa"
214,2012,0.444010417,"Meagre","Northern Africa"
214,2012,0.561111111,"Mullets nei","Northern Africa"
214,2012,0.3,"Penaeus shrimps nei","Northern Africa"
216,2012,0.366666667,"Akiami paste shrimp","South-Eastern Asia"
216,2012,0.27,"Banana prawn","South-Eastern Asia"
216,2012,0.17,"Barramundi(=Giant seaperch)","South-Eastern Asia"
216,2012,0.17,"Barramundi(=Giant seaperch)","South-Eastern Asia"
216,2012,0.17,"Giant tiger prawn","South-Eastern Asia"
216,2012,0.33,"Groupers nei","South-Eastern Asia"
216,2012,0.33,"Groupers nei","South-Eastern Asia"
216,2012,0.416666667,"Indo-Pacific swamp crab","South-Eastern Asia"
216,2012,0.477777778,"Marine fishes nei","South-Eastern Asia"
216,2012,0.372222222,"Metapenaeus shrimps nei","South-Eastern Asia"
216,2012,0.43,"Milkfish","South-Eastern Asia"
216,2012,0.43,"Milkfish","South-Eastern Asia"
216,2012,0.561111111,"Mullets nei","South-Eastern Asia"
216,2012,0.811764706,"Penguin wing oyster","South-Eastern Asia"
216,2012,0.416666667,"Portunus swimcrabs nei","South-Eastern Asia"
216,2012,0.571405229,"Sea cucumbers nei","South-Eastern Asia"
216,2012,0.416666667,"Tropical spiny lobsters nei","South-Eastern Asia"
216,2012,0.374509804,"Whiteleg shrimp","South-Eastern Asia"
218,2012,0.4,"Atlantic bluefin tuna","Northern America"
218,2012,0.23,"Atlantic cod","Northern America"
218,2012,0.17,"Atlantic salmon","Northern America"
218,2012,0.27,"Atlantic salmon","Northern America"
218,2012,0.93,"Blue mussel","Northern America"
218,2012,0.93,"Blue mussel","Northern America"
218,2012,0.811764706,"Butter clam","Northern America"
218,2012,0.370833333,"Chinook(=Spring=King) salmon","Northern America"
218,2012,0.33,"Coho(=Silver) salmon","Northern America"
218,2012,0.888095238,"Cupped oysters nei","Northern America"
218,2012,0.841666667,"Japanese carpet shell","Northern America"
218,2012,0.533333333,"Marine molluscs nei","Northern America"
218,2012,0.533333333,"Marine molluscs nei","Northern America"
218,2012,0.83,"Pacific cupped oyster","Northern America"
218,2012,0.566666667,"Rainbow trout","Northern America"
218,2012,0.444010417,"Salmonids nei","Northern America"
218,2012,0.833333333,"Scallops nei","Northern America"
218,2012,0.833333333,"Scallops nei","Northern America"
219,2012,0.791666667,"Sea mussels nei","Northern America"
222,2012,0.53,"Atlantic salmon","Northern Europe"
222,2012,0.77,"Blue mussel","Northern Europe"
222,2012,0.87,"European flat oyster","Northern Europe"
222,2012,0.53,"Rainbow trout","Northern Europe"
223,2012,0.533333333,"Arctic char","Northern Europe"
223,2012,0.17,"Atlantic cod","Northern Europe"
223,2012,0.533333333,"Atlantic halibut","Northern Europe"
223,2012,0.23,"Atlantic salmon","Northern Europe"
223,2012,0.93,"Blue mussel","Northern Europe"
223,2012,0.444010417,"Chars nei","Northern Europe"
223,2012,0.83,"European flat oyster","Northern Europe"
223,2012,0.444010417,"Finfishes nei","Northern Europe"
223,2012,0.811764706,"Great Atlantic scallop","Northern Europe"
223,2012,0.3,"Marine crustaceans nei","Northern Europe"
223,2012,0.73,"Pacific cupped oyster","Northern Europe"
223,2012,0.566666667,"Rainbow trout","Northern Europe"
223,2012,0.833333333,"Scallops nei","Northern Europe"
224,2012,0.13,"Atlantic salmon","South America"
224,2012,0.811764706,"Chilean mussel","South America"
224,2012,0.370833333,"Chinook(=Spring=King) salmon","South America"
224,2012,0.811764706,"Cholga mussel","South America"
224,2012,0.811764706,"Choro mussel","South America"
224,2012,0.27,"Coho(=Silver) salmon","South America"
224,2012,0.866666667,"Flat oysters nei","South America"
224,2012,0.811764706,"Japanese abalone","South America"
224,2012,0.53,"Pacific cupped oyster","South America"
224,2012,0.566666667,"Rainbow trout","South America"
224,2012,0.811764706,"Red abalone","South America"
224,2012,0.833333333,"Scallops nei","South America"
224,2012,0.5,"Turbot","South America"
231,2012,0.414285714,"Milkfish","South-Eastern Asia"
231,2012,0.266666667,"Penaeus shrimps nei","South-Eastern Asia"
232,2012,0.444010417,"Common dentex","Southern Europe"
232,2012,0.823076923,"European flat oyster","Southern Europe"
232,2012,0.452222222,"European seabass","Southern Europe"
232,2012,0.286111111,"Gilthead seabream","Southern Europe"
232,2012,0.82,"Mediterranean mussel","Southern Europe"
244,2012,0.811764706,"Stromboid conchs nei","Caribbean"
245,2012,0.811764706,"Stromboid conchs nei","Caribbean"
247,2012,0.190909091,"Barramundi(=Giant seaperch)","South-Eastern Asia"
247,2012,0.372222222,"Blue shrimp","South-Eastern Asia"
247,2012,0.366666667,"Giant tiger prawn","South-Eastern Asia"
247,2012,0.333333333,"Groupers nei","South-Eastern Asia"
247,2012,0.416666667,"Indo-Pacific swamp crab","South-Eastern Asia"
247,2012,0.444010417,"Jacks, crevalles nei","South-Eastern Asia"
247,2012,0.477777778,"Marine fishes nei","South-Eastern Asia"
247,2012,0.433333333,"Snappers nei","South-Eastern Asia"
250,2012,0.811764706,"Stromboid conchs nei","Caribbean"
